NPI,State,Speciality,Region
1000000005,IL,Orthopedics,Midwest
1000000011,IL,General Practice,Midwest
1000000022,OH,Oncology,Northeast
1000000032,OH,Oncology,South
1000000055,FL,Oncology,Midwest
1000000070,PA,Orthopedics,Midwest
1000000086,PA,General Practice,West
1000000098,FL,Oncology,West
1000000107,PA,Orthopedics,South
1000000122,GA,Oncology,Midwest
1000000143,NY,Pediatrics,South
1000000159,IL,Pediatrics,West
1000000167,FL,Radiology,West
1000000183,GA,Pediatrics,West
1000000187,IL,Oncology,Midwest
1000000189,OH,General Practice,Northeast
1000000192,NY,Orthopedics,Northeast
1000000193,FL,Orthopedics,Midwest
1000000220,CA,Orthopedics,West
1000000225,TX,Pediatrics,Northeast
1000000247,IL,Oncology,Midwest
1000000272,CA,Pediatrics,Midwest
1000000279,NY,Pediatrics,South
1000000280,PA,Oncology,West
1000000288,NC,Oncology,South
1000000289,PA,Neurology,South
1000000291,MI,Oncology,Northeast
1000000300,GA,Radiology,Northeast
1000000311,PA,Cardiology,West
1000000330,TX,Radiology,Midwest
1000000341,IL,Orthopedics,South
1000000343,MI,Cardiology,Northeast
1000000344,CA,Radiology,South
1000000355,NC,Pediatrics,Midwest
1000000358,CA,Neurology,West
1000000361,NY,General Practice,Northeast
1000000376,OH,Radiology,South
1000000382,TX,Radiology,West
1000000387,FL,Neurology,Midwest
1000000403,IL,Radiology,South
1000000426,NC,Cardiology,West
1000000438,GA,General Practice,South
1000000439,NY,General Practice,West
1000000441,OH,Pediatrics,South
1000000451,GA,Oncology,West
1000000464,IL,Pediatrics,South
1000000466,TX,Radiology,West
1000000495,IL,General Practice,South
1000000535,MI,General Practice,West
1000000541,MI,Neurology,Northeast
1000000542,OH,Neurology,West
1000000545,NY,Cardiology,West
1000000582,TX,Radiology,Midwest
1000000585,TX,Orthopedics,Northeast
1000000594,NY,Oncology,Northeast
1000000601,NC,Pediatrics,Midwest
1000000605,IL,Cardiology,Northeast
1000000631,OH,General Practice,West
1000000632,FL,Oncology,South
1000000639,PA,Pediatrics,West
1000000640,NC,Radiology,West
1000000649,OH,Oncology,South
1000000667,PA,Radiology,Northeast
1000000669,IL,Pediatrics,West
1000000673,PA,General Practice,Midwest
1000000745,TX,Neurology,Northeast
1000000757,MI,General Practice,South
1000000761,TX,Pediatrics,South
1000000770,MI,Radiology,South
1000000776,IL,Oncology,West
1000000780,CA,Pediatrics,West
1000000782,OH,General Practice,Midwest
1000000798,FL,Oncology,Midwest
1000000806,NY,Neurology,South
1000000809,CA,Neurology,South
1000000835,MI,Pediatrics,Midwest
1000000837,OH,Radiology,South
1000000853,NC,Radiology,Northeast
1000000888,NC,Cardiology,South
1000000892,MI,Orthopedics,West
1000000893,IL,Orthopedics,Midwest
1000000905,FL,Cardiology,West
1000000913,MI,General Practice,Midwest
1000000915,GA,Neurology,Northeast
1000000920,FL,Orthopedics,Northeast
1000000924,IL,Radiology,South
1000000936,OH,Pediatrics,Midwest
1000000938,TX,Radiology,West
1000000952,NC,Oncology,South
1000000971,IL,Pediatrics,West
